epoch,accuracy,loss,val_accuracy,val_loss
0,0.5349722504615784,1.3036192655563354,0.560243546962738,1.2279716730117798
1,0.578777551651001,1.1694529056549072,0.5634015798568726,1.2166004180908203
2,0.5936005115509033,1.1221377849578857,0.5654007792472839,1.2153890132904053
3,0.6049010157585144,1.0864523649215698,0.5649679899215698,1.2252944707870483
4,0.6165783405303955,1.0556480884552002,0.564418375492096,1.2373900413513184
